customer_key,customer_name,email,city,country,active_status
1,MARY SMITH,MARY.SMITH@sakilacustomer.org,Sasebo,Japan,1
2,PATRICIA JOHNSON,PATRICIA.JOHNSON@sakilacustomer.org,San Bernardino,United States,1
3,LINDA WILLIAMS,LINDA.WILLIAMS@sakilacustomer.org,Athenai,Greece,1
4,BARBARA JONES,BARBARA.JONES@sakilacustomer.org,Myingyan,Myanmar,1
5,ELIZABETH BROWN,ELIZABETH.BROWN@sakilacustomer.org,Nantou,Taiwan,1
6,JENNIFER DAVIS,JENNIFER.DAVIS@sakilacustomer.org,Laredo,United States,1
7,MARIA MILLER,MARIA.MILLER@sakilacustomer.org,Kragujevac,Yugoslavia,1
8,SUSAN WILSON,SUSAN.WILSON@sakilacustomer.org,Hamilton,New Zealand,1
9,MARGARET MOORE,MARGARET.MOORE@sakilacustomer.org,Masqat,Oman,1
10,DOROTHY TAYLOR,DOROTHY.TAYLOR@sakilacustomer.org,Esfahan,Iran,1
11,LISA ANDERSON,LISA.ANDERSON@sakilacustomer.org,Sagamihara,Japan,1
12,NANCY THOMAS,NANCY.THOMAS@sakilacustomer.org,Yamuna Nagar,India,1
13,KAREN JACKSON,KAREN.JACKSON@sakilacustomer.org,Osmaniye,Turkey,1
14,BETTY WHITE,BETTY.WHITE@sakilacustomer.org,Citrus Heights,United States,1
15,HELEN HARRIS,HELEN.HARRIS@sakilacustomer.org,Bhopal,India,1
16,SANDRA MARTIN,SANDRA.MARTIN@sakilacustomer.org,Southend-on-Sea,United Kingdom,0
17,DONNA THOMPSON,DONNA.THOMPSON@sakilacustomer.org,Elista,Russian Federation,1
18,CAROL GARCIA,CAROL.GARCIA@sakilacustomer.org,Kaduna,Nigeria,1
19,RUTH MARTINEZ,RUTH.MARTINEZ@sakilacustomer.org,Kimberley,South Africa,1
20,SHARON ROBINSON,SHARON.ROBINSON@sakilacustomer.org,Mardan,Pakistan,1
21,MICHELLE CLARK,MICHELLE.CLARK@sakilacustomer.org,Tangail,Bangladesh,1
22,LAURA RODRIGUEZ,LAURA.RODRIGUEZ@sakilacustomer.org,Sal,Morocco,1
23,SARAH LEWIS,SARAH.LEWIS@sakilacustomer.org,Liepaja,Latvia,1
24,KIMBERLY LEE,KIMBERLY.LEE@sakilacustomer.org,Crdoba,Argentina,1
25,DEBORAH WALKER,DEBORAH.WALKER@sakilacustomer.org,Shikarpur,Pakistan,1
26,JESSICA HALL,JESSICA.HALL@sakilacustomer.org,Citt del Vaticano,Holy See (Vatican City State),1
27,SHIRLEY ALLEN,SHIRLEY.ALLEN@sakilacustomer.org,Davao,Philippines,1
28,CYNTHIA YOUNG,CYNTHIA.YOUNG@sakilacustomer.org,Munger (Monghyr),India,1
29,ANGELA HERNANDEZ,ANGELA.HERNANDEZ@sakilacustomer.org,Shimonoseki,Japan,1
30,MELISSA KING,MELISSA.KING@sakilacustomer.org,Lungtan,Taiwan,1
31,BRENDA WRIGHT,BRENDA.WRIGHT@sakilacustomer.org,Kamarhati,India,1
32,AMY LOPEZ,AMY.LOPEZ@sakilacustomer.org,Jhansi,India,1
33,ANNA HILL,ANNA.HILL@sakilacustomer.org,Alessandria,Italy,1
34,REBECCA SCOTT,REBECCA.SCOTT@sakilacustomer.org,Kurashiki,Japan,1
35,VIRGINIA GREEN,VIRGINIA.GREEN@sakilacustomer.org,Toulouse,France,1
36,KATHLEEN ADAMS,KATHLEEN.ADAMS@sakilacustomer.org,Arak,Iran,1
37,PAMELA BAKER,PAMELA.BAKER@sakilacustomer.org,Nanyang,China,1
38,MARTHA GONZALEZ,MARTHA.GONZALEZ@sakilacustomer.org,Chisinau,Moldova,1
39,DEBRA NELSON,DEBRA.NELSON@sakilacustomer.org,Vila Velha,Brazil,1
40,AMANDA CARTER,AMANDA.CARTER@sakilacustomer.org,Nador,Morocco,1
41,STEPHANIE MITCHELL,STEPHANIE.MITCHELL@sakilacustomer.org,Yerevan,Armenia,1
42,CAROLYN PEREZ,CAROLYN.PEREZ@sakilacustomer.org,Pak Kret,Thailand,1
43,CHRISTINE ROBERTS,CHRISTINE.ROBERTS@sakilacustomer.org,Faaa,French Polynesia,1
44,MARIE TURNER,MARIE.TURNER@sakilacustomer.org,Lipetsk,Russian Federation,1
45,JANET PHILLIPS,JANET.PHILLIPS@sakilacustomer.org,Antofagasta,Chile,1
46,CATHERINE CAMPBELL,CATHERINE.CAMPBELL@sakilacustomer.org,Moscow,Russian Federation,1
47,FRANCES PARKER,FRANCES.PARKER@sakilacustomer.org,Juazeiro do Norte,Brazil,1
48,ANN EVANS,ANN.EVANS@sakilacustomer.org,Niznekamsk,Russian Federation,1
49,JOYCE EDWARDS,JOYCE.EDWARDS@sakilacustomer.org,Jedda,Saudi Arabia,1
50,DIANE COLLINS,DIANE.COLLINS@sakilacustomer.org,Omdurman,Sudan,1
51,ALICE STEWART,ALICE.STEWART@sakilacustomer.org,Fontana,United States,1
52,JULIE SANCHEZ,JULIE.SANCHEZ@sakilacustomer.org,A Corua (La Corua),Spain,1
53,HEATHER MORRIS,HEATHER.MORRIS@sakilacustomer.org,Nagareyama,Japan,1
54,TERESA ROGERS,TERESA.ROGERS@sakilacustomer.org,Iwakuni,Japan,1
55,DORIS REED,DORIS.REED@sakilacustomer.org,Balaiha,Russian Federation,1
56,GLORIA COOK,GLORIA.COOK@sakilacustomer.org,Papeete,French Polynesia,1
57,EVELYN MORGAN,EVELYN.MORGAN@sakilacustomer.org,Vaduz,Liechtenstein,1
58,JEAN BELL,JEAN.BELL@sakilacustomer.org,Kuching,Malaysia,1
59,CHERYL MURPHY,CHERYL.MURPHY@sakilacustomer.org,Mysore,India,1
60,MILDRED BAILEY,MILDRED.BAILEY@sakilacustomer.org,Jaipur,India,1
61,KATHERINE RIVERA,KATHERINE.RIVERA@sakilacustomer.org,Basel,Switzerland,1
62,JOAN COOPER,JOAN.COOPER@sakilacustomer.org,Saint Louis,United States,1
63,ASHLEY RICHARDSON,ASHLEY.RICHARDSON@sakilacustomer.org,Lincoln,United States,1
64,JUDITH COX,JUDITH.COX@sakilacustomer.org,Daxian,China,0
65,ROSE HOWARD,ROSE.HOWARD@sakilacustomer.org,Cayenne,French Guiana,1
66,JANICE WARD,JANICE.WARD@sakilacustomer.org,Malm,Sweden,1
67,KELLY TORRES,KELLY.TORRES@sakilacustomer.org,Xiangtan,China,1
68,NICOLE PETERSON,NICOLE.PETERSON@sakilacustomer.org,Shivapuri,India,1
69,JUDY GRAY,JUDY.GRAY@sakilacustomer.org,Bchar,Algeria,1
70,CHRISTINA RAMIREZ,CHRISTINA.RAMIREZ@sakilacustomer.org,al-Hawiya,Saudi Arabia,1
71,KATHY JAMES,KATHY.JAMES@sakilacustomer.org,Baybay,Philippines,1
72,THERESA WATSON,THERESA.WATSON@sakilacustomer.org,Taguig,Philippines,1
73,BEVERLY BROOKS,BEVERLY.BROOKS@sakilacustomer.org,Chiayi,Taiwan,1
74,DENISE KELLY,DENISE.KELLY@sakilacustomer.org,Rio Claro,Brazil,1
75,TAMMY SANDERS,TAMMY.SANDERS@sakilacustomer.org,Changhwa,Taiwan,1
76,IRENE PRICE,IRENE.PRICE@sakilacustomer.org,Pavlodar,Kazakstan,1
77,JANE BENNETT,JANE.BENNETT@sakilacustomer.org,Araatuba,Brazil,1
78,LORI WOOD,LORI.WOOD@sakilacustomer.org,Rae Bareli,India,1
79,RACHEL BARNES,RACHEL.BARNES@sakilacustomer.org,Kamakura,Japan,1
80,MARILYN ROSS,MARILYN.ROSS@sakilacustomer.org,Ife,Nigeria,1
81,ANDREA HENDERSON,ANDREA.HENDERSON@sakilacustomer.org,Mahajanga,Madagascar,1
82,KATHRYN COLEMAN,KATHRYN.COLEMAN@sakilacustomer.org,Simferopol,Ukraine,1
83,LOUISE JENKINS,LOUISE.JENKINS@sakilacustomer.org,Springs,South Africa,1
84,SARA PERRY,SARA.PERRY@sakilacustomer.org,Atlixco,Mexico,1
85,ANNE POWELL,ANNE.POWELL@sakilacustomer.org,Bradford,United Kingdom,1
86,JACQUELINE LONG,JACQUELINE.LONG@sakilacustomer.org,Songkhla,Thailand,1
87,WANDA PATTERSON,WANDA.PATTERSON@sakilacustomer.org,Sincelejo,Colombia,1
88,BONNIE HUGHES,BONNIE.HUGHES@sakilacustomer.org,Cheju,South Korea,1
89,JULIA FLORES,JULIA.FLORES@sakilacustomer.org,La Plata,Argentina,1
90,RUBY WASHINGTON,RUBY.WASHINGTON@sakilacustomer.org,Meixian,China,1
91,LOIS BUTLER,LOIS.BUTLER@sakilacustomer.org,Bandar Seri Begawan,Brunei,1
92,TINA SIMMONS,TINA.SIMMONS@sakilacustomer.org,Goinia,Brazil,1
93,PHYLLIS FOSTER,PHYLLIS.FOSTER@sakilacustomer.org,Zalantun,China,1
94,NORMA GONZALES,NORMA.GONZALES@sakilacustomer.org,Bislig,Philippines,1
95,PAULA BRYANT,PAULA.BRYANT@sakilacustomer.org,Pathankot,India,1
96,DIANA ALEXANDER,DIANA.ALEXANDER@sakilacustomer.org,Augusta-Richmond County,United States,1
97,ANNIE RUSSELL,ANNIE.RUSSELL@sakilacustomer.org,Tete,Mozambique,1
98,LILLIAN GRIFFIN,LILLIAN.GRIFFIN@sakilacustomer.org,al-Ayn,United Arab Emirates,1
99,EMILY DIAZ,EMILY.DIAZ@sakilacustomer.org,Kimchon,South Korea,1
100,ROBIN HAYES,ROBIN.HAYES@sakilacustomer.org,Jelets,Russian Federation,1
101,PEGGY MYERS,PEGGY.MYERS@sakilacustomer.org,Abha,Saudi Arabia,1
102,CRYSTAL FORD,CRYSTAL.FORD@sakilacustomer.org,Ashdod,Israel,1
103,GLADYS HAMILTON,GLADYS.HAMILTON@sakilacustomer.org,Ilorin,Nigeria,1
104,RITA GRAHAM,RITA.GRAHAM@sakilacustomer.org,Toulon,France,1
105,DAWN SULLIVAN,DAWN.SULLIVAN@sakilacustomer.org,Funafuti,Tuvalu,1
106,CONNIE WALLACE,CONNIE.WALLACE@sakilacustomer.org,Ivanovo,Russian Federation,1
107,FLORENCE WOODS,FLORENCE.WOODS@sakilacustomer.org,Merlo,Argentina,1
108,TRACY COLE,TRACY.COLE@sakilacustomer.org,Huixquilucan,Mexico,1
109,EDNA WEST,EDNA.WEST@sakilacustomer.org,Klerksdorp,South Africa,1
110,TIFFANY JORDAN,TIFFANY.JORDAN@sakilacustomer.org,Enshi,China,1
111,CARMEN OWENS,CARMEN.OWENS@sakilacustomer.org,Caracas,Venezuela,1
112,ROSA REYNOLDS,ROSA.REYNOLDS@sakilacustomer.org,Lancaster,United States,1
113,CINDY FISHER,CINDY.FISHER@sakilacustomer.org,Cuman,Venezuela,1
114,GRACE ELLIS,GRACE.ELLIS@sakilacustomer.org,Duisburg,Germany,1
115,WENDY HARRISON,WENDY.HARRISON@sakilacustomer.org,Nezahualcyotl,Mexico,1
116,VICTORIA GIBSON,VICTORIA.GIBSON@sakilacustomer.org,Pemalang,Indonesia,1
117,EDITH MCDONALD,EDITH.MCDONALD@sakilacustomer.org,Gandhinagar,India,1
118,KIM CRUZ,KIM.CRUZ@sakilacustomer.org,Grand Prairie,United States,1
119,SHERRY MARSHALL,SHERRY.MARSHALL@sakilacustomer.org,Shubra al-Khayma,Egypt,1
120,SYLVIA ORTIZ,SYLVIA.ORTIZ@sakilacustomer.org,Dos Quebradas,Colombia,1
121,JOSEPHINE GOMEZ,JOSEPHINE.GOMEZ@sakilacustomer.org,Etawah,India,1
122,THELMA MURRAY,THELMA.MURRAY@sakilacustomer.org,Lima,Peru,1
123,SHANNON FREEMAN,SHANNON.FREEMAN@sakilacustomer.org,Varanasi (Benares),India,1
124,SHEILA WELLS,SHEILA.WELLS@sakilacustomer.org,Ktahya,Turkey,0
125,ETHEL WEBB,ETHEL.WEBB@sakilacustomer.org,Boksburg,South Africa,1
126,ELLEN SIMPSON,ELLEN.SIMPSON@sakilacustomer.org,Po,Brazil,1
127,ELAINE STEVENS,ELAINE.STEVENS@sakilacustomer.org,Smolensk,Russian Federation,1
128,MARJORIE TUCKER,MARJORIE.TUCKER@sakilacustomer.org,Jastrzebie-Zdrj,Poland,1
129,CARRIE PORTER,CARRIE.PORTER@sakilacustomer.org,Liaocheng,China,1
130,CHARLOTTE HUNTER,CHARLOTTE.HUNTER@sakilacustomer.org,guas Lindas de Gois,Brazil,1
131,MONICA HICKS,MONICA.HICKS@sakilacustomer.org,Mukateve,Ukraine,1
132,ESTHER CRAWFORD,ESTHER.CRAWFORD@sakilacustomer.org,Botshabelo,South Africa,1
133,PAULINE HENRY,PAULINE.HENRY@sakilacustomer.org,Torren,Mexico,1
134,EMMA BOYD,EMMA.BOYD@sakilacustomer.org,Qalyub,Egypt,1
135,JUANITA MASON,JUANITA.MASON@sakilacustomer.org,Pune,India,1
136,ANITA MORALES,ANITA.MORALES@sakilacustomer.org,Hubli-Dharwad,India,1
137,RHONDA KENNEDY,RHONDA.KENNEDY@sakilacustomer.org,Apeldoorn,Netherlands,1
138,HAZEL WARREN,HAZEL.WARREN@sakilacustomer.org,Hohhot,China,1
139,AMBER DIXON,AMBER.DIXON@sakilacustomer.org,Touliu,Taiwan,1
140,EVA RAMOS,EVA.RAMOS@sakilacustomer.org,Clarksville,United States,1
141,DEBBIE REYES,DEBBIE.REYES@sakilacustomer.org,Fukuyama,Japan,1
142,APRIL BURNS,APRIL.BURNS@sakilacustomer.org,Dundee,United Kingdom,1
143,LESLIE GORDON,LESLIE.GORDON@sakilacustomer.org,Kilis,Turkey,1
144,CLARA SHAW,CLARA.SHAW@sakilacustomer.org,Molodetno,Belarus,1
145,LUCILLE HOLMES,LUCILLE.HOLMES@sakilacustomer.org,Soshanguve,South Africa,1
146,JAMIE RICE,JAMIE.RICE@sakilacustomer.org,Sterling Heights,United States,1
147,JOANNE ROBERTSON,JOANNE.ROBERTSON@sakilacustomer.org,Urawa,Japan,1
148,ELEANOR HUNT,ELEANOR.HUNT@sakilacustomer.org,Saint-Denis,Runion,1
149,VALERIE BLACK,VALERIE.BLACK@sakilacustomer.org,Brockton,United States,1
150,DANIELLE DANIELS,DANIELLE.DANIELS@sakilacustomer.org,Hidalgo,Mexico,1
151,MEGAN PALMER,MEGAN.PALMER@sakilacustomer.org,Laiwu,China,1
152,ALICIA MILLS,ALICIA.MILLS@sakilacustomer.org,Nagaon,India,1
153,SUZANNE NICHOLS,SUZANNE.NICHOLS@sakilacustomer.org,Jakarta,Indonesia,1
154,MICHELE GRANT,MICHELE.GRANT@sakilacustomer.org,Yuncheng,China,1
155,GAIL KNIGHT,GAIL.KNIGHT@sakilacustomer.org,Bern,Switzerland,1
156,BERTHA FERGUSON,BERTHA.FERGUSON@sakilacustomer.org,Ondo,Nigeria,1
157,DARLENE ROSE,DARLENE.ROSE@sakilacustomer.org,Pyongyang,North Korea,1
158,VERONICA STONE,VERONICA.STONE@sakilacustomer.org,Greensboro,United States,1
159,JILL HAWKINS,JILL.HAWKINS@sakilacustomer.org,Linz,Austria,1
160,ERIN DUNN,ERIN.DUNN@sakilacustomer.org,Ljubertsy,Russian Federation,1
161,GERALDINE PERKINS,GERALDINE.PERKINS@sakilacustomer.org,Tel Aviv-Jaffa,Israel,1
162,LAUREN HUDSON,LAUREN.HUDSON@sakilacustomer.org,Le Mans,France,1
163,CATHY SPENCER,CATHY.SPENCER@sakilacustomer.org,Kakamigahara,Japan,1
164,JOANN GARDNER,JOANN.GARDNER@sakilacustomer.org,Tarsus,Turkey,1
165,LORRAINE STEPHENS,LORRAINE.STEPHENS@sakilacustomer.org,Hami,China,1
166,LYNN PAYNE,LYNN.PAYNE@sakilacustomer.org,Lilongwe,Malawi,1
167,SALLY PIERCE,SALLY.PIERCE@sakilacustomer.org,Chandrapur,India,1
168,REGINA BERRY,REGINA.BERRY@sakilacustomer.org,Jinchang,China,1
169,ERICA MATTHEWS,ERICA.MATTHEWS@sakilacustomer.org,Pingxiang,China,0
170,BEATRICE ARNOLD,BEATRICE.ARNOLD@sakilacustomer.org,Udaipur,India,1
171,DOLORES WAGNER,DOLORES.WAGNER@sakilacustomer.org,Ipoh,Malaysia,1
172,BERNICE WILLIS,BERNICE.WILLIS@sakilacustomer.org,Batman,Turkey,1
173,AUDREY RAY,AUDREY.RAY@sakilacustomer.org,Graz,Austria,1
174,YVONNE WATKINS,YVONNE.WATKINS@sakilacustomer.org,Ocumare del Tuy,Venezuela,1
175,ANNETTE OLSON,ANNETTE.OLSON@sakilacustomer.org,Allappuzha (Alleppey),India,1
176,JUNE CARROLL,JUNE.CARROLL@sakilacustomer.org,Skikda,Algeria,1
177,SAMANTHA DUNCAN,SAMANTHA.DUNCAN@sakilacustomer.org,Matamoros,Mexico,1
178,MARION SNYDER,MARION.SNYDER@sakilacustomer.org,Santa Brbara dOeste,Brazil,1
179,DANA HART,DANA.HART@sakilacustomer.org,Kirovo-Tepetsk,Russian Federation,1
180,STACY CUNNINGHAM,STACY.CUNNINGHAM@sakilacustomer.org,Pereira,Colombia,1
181,ANA BRADLEY,ANA.BRADLEY@sakilacustomer.org,Memphis,United States,1
182,RENEE LANE,RENEE.LANE@sakilacustomer.org,Compton,United States,1
183,IDA ANDREWS,IDA.ANDREWS@sakilacustomer.org,Luzinia,Brazil,1
184,VIVIAN RUIZ,VIVIAN.RUIZ@sakilacustomer.org,s-Hertogenbosch,Netherlands,1
185,ROBERTA HARPER,ROBERTA.HARPER@sakilacustomer.org,Shahr-e Kord,Iran,1
186,HOLLY FOX,HOLLY.FOX@sakilacustomer.org,Haldia,India,1
187,BRITTANY RILEY,BRITTANY.RILEY@sakilacustomer.org,Sumy,Ukraine,1
188,MELANIE ARMSTRONG,MELANIE.ARMSTRONG@sakilacustomer.org,Bayugan,Philippines,1
189,LORETTA CARPENTER,LORETTA.CARPENTER@sakilacustomer.org,Oshawa,Canada,1
190,YOLANDA WEAVER,YOLANDA.WEAVER@sakilacustomer.org,Tabora,Tanzania,1
191,JEANETTE GREENE,JEANETTE.GREENE@sakilacustomer.org,Novoterkassk,Russian Federation,1
192,LAURIE LAWRENCE,LAURIE.LAWRENCE@sakilacustomer.org,Firozabad,India,1
193,KATIE ELLIOTT,KATIE.ELLIOTT@sakilacustomer.org,Kisumu,Kenya,1
194,KRISTEN CHAVEZ,KRISTEN.CHAVEZ@sakilacustomer.org,Hino,Japan,1
195,VANESSA SIMS,VANESSA.SIMS@sakilacustomer.org,Siegen,Germany,1
196,ALMA AUSTIN,ALMA.AUSTIN@sakilacustomer.org,Mannheim,Germany,1
197,SUE PETERS,SUE.PETERS@sakilacustomer.org,Changzhou,China,1
198,ELSIE KELLEY,ELSIE.KELLEY@sakilacustomer.org,Ikerre,Nigeria,1
199,BETH FRANKLIN,BETH.FRANKLIN@sakilacustomer.org,Haiphong,Vietnam,1
200,JEANNE LAWSON,JEANNE.LAWSON@sakilacustomer.org,Ashgabat,Turkmenistan,1
201,VICKI FIELDS,VICKI.FIELDS@sakilacustomer.org,Witten,Germany,1
202,CARLA GUTIERREZ,CARLA.GUTIERREZ@sakilacustomer.org,Bhusawal,India,1
203,TARA RYAN,TARA.RYAN@sakilacustomer.org,Gorontalo,Indonesia,1
204,ROSEMARY SCHMIDT,ROSEMARY.SCHMIDT@sakilacustomer.org,Usak,Turkey,1
205,EILEEN CARR,EILEEN.CARR@sakilacustomer.org,Ciudad del Este,Paraguay,1
206,TERRI VASQUEZ,TERRI.VASQUEZ@sakilacustomer.org,Blumenau,Brazil,1
207,GERTRUDE CASTILLO,GERTRUDE.CASTILLO@sakilacustomer.org,Nuuk,Greenland,1
208,LUCY WHEELER,LUCY.WHEELER@sakilacustomer.org,Balurghat,India,1
209,TONYA CHAPMAN,TONYA.CHAPMAN@sakilacustomer.org,Bhilwara,India,1
210,ELLA OLIVER,ELLA.OLIVER@sakilacustomer.org,Aden,Yemen,1
211,STACEY MONTGOMERY,STACEY.MONTGOMERY@sakilacustomer.org,Fuyu,China,1
212,WILMA RICHARDS,WILMA.RICHARDS@sakilacustomer.org,Bellevue,United States,1
213,GINA WILLIAMSON,GINA.WILLIAMSON@sakilacustomer.org,Taizz,Yemen,1
214,KRISTIN JOHNSTON,KRISTIN.JOHNSTON@sakilacustomer.org,Sunnyvale,United States,1
215,JESSIE BANKS,JESSIE.BANKS@sakilacustomer.org,Stara Zagora,Bulgaria,1
216,NATALIE MEYER,NATALIE.MEYER@sakilacustomer.org,Aparecida de Goinia,Brazil,1
217,AGNES BISHOP,AGNES.BISHOP@sakilacustomer.org,Sambhal,India,1
218,VERA MCCOY,VERA.MCCOY@sakilacustomer.org,Kabul,Afghanistan,1
219,WILLIE HOWELL,WILLIE.HOWELL@sakilacustomer.org,Vicente Lpez,Argentina,1
220,CHARLENE ALVAREZ,CHARLENE.ALVAREZ@sakilacustomer.org,Zanzibar,Tanzania,1
221,BESSIE MORRISON,BESSIE.MORRISON@sakilacustomer.org,Syrakusa,Italy,1
222,DELORES HANSEN,DELORES.HANSEN@sakilacustomer.org,Jaroslavl,Russian Federation,1
223,MELINDA FERNANDEZ,MELINDA.FERNANDEZ@sakilacustomer.org,Mandi Bahauddin,Pakistan,1
224,PEARL GARZA,PEARL.GARZA@sakilacustomer.org,Jodhpur,India,1
225,ARLENE HARVEY,ARLENE.HARVEY@sakilacustomer.org,Ambattur,India,1
226,MAUREEN LITTLE,MAUREEN.LITTLE@sakilacustomer.org,Asuncin,Paraguay,1
227,COLLEEN BURTON,COLLEEN.BURTON@sakilacustomer.org,Saarbrcken,Germany,1
228,ALLISON STANLEY,ALLISON.STANLEY@sakilacustomer.org,Phnom Penh,Cambodia,1
229,TAMARA NGUYEN,TAMARA.NGUYEN@sakilacustomer.org,Anpolis,Brazil,1
230,JOY GEORGE,JOY.GEORGE@sakilacustomer.org,Botosani,Romania,1
231,GEORGIA JACOBS,GEORGIA.JACOBS@sakilacustomer.org,Uttarpara-Kotrung,India,1
232,CONSTANCE REID,CONSTANCE.REID@sakilacustomer.org,Zaria,Nigeria,1
233,LILLIE KIM,LILLIE.KIM@sakilacustomer.org,Idfu,Egypt,1
234,CLAUDIA FULLER,CLAUDIA.FULLER@sakilacustomer.org,Jalib al-Shuyukh,Kuwait,1
235,JACKIE LYNCH,JACKIE.LYNCH@sakilacustomer.org,Buenaventura,Colombia,1
236,MARCIA DEAN,MARCIA.DEAN@sakilacustomer.org,Tanza,Philippines,1
237,TANYA GILBERT,TANYA.GILBERT@sakilacustomer.org,Naju,South Korea,1
238,NELLIE GARRETT,NELLIE.GARRETT@sakilacustomer.org,Shimoga,India,1
239,MINNIE ROMERO,MINNIE.ROMERO@sakilacustomer.org,Ciomas,Indonesia,1
240,MARLENE WELCH,MARLENE.WELCH@sakilacustomer.org,Iwaki,Japan,1
241,HEIDI LARSON,HEIDI.LARSON@sakilacustomer.org,Xiangfan,China,0
242,GLENDA FRAZIER,GLENDA.FRAZIER@sakilacustomer.org,Qinhuangdao,China,1
243,LYDIA BURKE,LYDIA.BURKE@sakilacustomer.org,San Miguel de Tucumn,Argentina,1
244,VIOLA HANSON,VIOLA.HANSON@sakilacustomer.org,Lapu-Lapu,Philippines,1
245,COURTNEY DAY,COURTNEY.DAY@sakilacustomer.org,Uijongbu,South Korea,1
246,MARIAN MENDOZA,MARIAN.MENDOZA@sakilacustomer.org,Maring,Brazil,1
247,STELLA MORENO,STELLA.MORENO@sakilacustomer.org,Coacalco de Berriozbal,Mexico,1
248,CAROLINE BOWMAN,CAROLINE.BOWMAN@sakilacustomer.org,Tallahassee,United States,1
249,DORA MEDINA,DORA.MEDINA@sakilacustomer.org,Tianjin,China,1
250,JO FOWLER,JO.FOWLER@sakilacustomer.org,Oyo,Nigeria,1
251,VICKIE BREWER,VICKIE.BREWER@sakilacustomer.org,Halle/Saale,Germany,1
252,MATTIE HOFFMAN,MATTIE.HOFFMAN@sakilacustomer.org,London,United Kingdom,1
253,TERRY CARLSON,TERRY.CARLSON@sakilacustomer.org,Miyakonojo,Japan,1
254,MAXINE SILVA,MAXINE.SILVA@sakilacustomer.org,Poos de Caldas,Brazil,1
255,IRMA PEARSON,IRMA.PEARSON@sakilacustomer.org,Hagonoy,Philippines,1
256,MABEL HOLLAND,MABEL.HOLLAND@sakilacustomer.org,Monywa,Myanmar,1
257,MARSHA DOUGLAS,MARSHA.DOUGLAS@sakilacustomer.org,Beira,Mozambique,1
258,MYRTLE FLEMING,MYRTLE.FLEMING@sakilacustomer.org,Santiago de los Caballeros,Dominican Republic,1
259,LENA JENSEN,LENA.JENSEN@sakilacustomer.org,Halisahar,India,1
260,CHRISTY VARGAS,CHRISTY.VARGAS@sakilacustomer.org,Datong,China,1
261,DEANNA BYRD,DEANNA.BYRD@sakilacustomer.org,Tuguegarao,Philippines,1
262,PATSY DAVIDSON,PATSY.DAVIDSON@sakilacustomer.org,Portoviejo,Ecuador,1
263,HILDA HOPKINS,HILDA.HOPKINS@sakilacustomer.org,Mandaluyong,Philippines,1
264,GWENDOLYN MAY,GWENDOLYN.MAY@sakilacustomer.org,Higashiosaka,Japan,1
265,JENNIE TERRY,JENNIE.TERRY@sakilacustomer.org,Olomouc,Czech Republic,1
266,NORA HERRERA,NORA.HERRERA@sakilacustomer.org,Salzburg,Austria,1
267,MARGIE WADE,MARGIE.WADE@sakilacustomer.org,Lengshuijiang,China,1
268,NINA SOTO,NINA.SOTO@sakilacustomer.org,Palghat (Palakkad),India,1
269,CASSANDRA WALTERS,CASSANDRA.WALTERS@sakilacustomer.org,Salinas,United States,1
270,LEAH CURTIS,LEAH.CURTIS@sakilacustomer.org,Kalisz,Poland,1
271,PENNY NEAL,PENNY.NEAL@sakilacustomer.org,Kumbakonam,India,0
272,KAY CALDWELL,KAY.CALDWELL@sakilacustomer.org,Yantai,China,1
273,PRISCILLA LOWE,PRISCILLA.LOWE@sakilacustomer.org,Salamanca,Mexico,1
274,NAOMI JENNINGS,NAOMI.JENNINGS@sakilacustomer.org,Karnal,India,1
275,CAROLE BARNETT,CAROLE.BARNETT@sakilacustomer.org,Peoria,United States,1
276,BRANDY GRAVES,BRANDY.GRAVES@sakilacustomer.org,Warren,United States,1
277,OLGA JIMENEZ,OLGA.JIMENEZ@sakilacustomer.org,Ogbomosho,Nigeria,1
278,BILLIE HORTON,BILLIE.HORTON@sakilacustomer.org,Inegl,Turkey,1
279,DIANNE SHELTON,DIANNE.SHELTON@sakilacustomer.org,Tabriz,Iran,1
280,TRACEY BARRETT,TRACEY.BARRETT@sakilacustomer.org,Owo,Nigeria,1
281,LEONA OBRIEN,LEONA.OBRIEN@sakilacustomer.org,Fuzhou,China,1
282,JENNY CASTRO,JENNY.CASTRO@sakilacustomer.org,Ponce,Puerto Rico,1
283,FELICIA SUTTON,FELICIA.SUTTON@sakilacustomer.org,Korla,China,1
284,SONIA GREGORY,SONIA.GREGORY@sakilacustomer.org,Benin City,Nigeria,1
285,MIRIAM MCKINNEY,MIRIAM.MCKINNEY@sakilacustomer.org,Otsu,Japan,1
286,VELMA LUCAS,VELMA.LUCAS@sakilacustomer.org,Effon-Alaiye,Nigeria,1
287,BECKY MILES,BECKY.MILES@sakilacustomer.org,Tambaram,India,1
288,BOBBIE CRAIG,BOBBIE.CRAIG@sakilacustomer.org,Valle de Santiago,Mexico,1
289,VIOLET RODRIQUEZ,VIOLET.RODRIQUEZ@sakilacustomer.org,Kowloon and New Kowloon,Hong Kong,1
290,KRISTINA CHAMBERS,KRISTINA.CHAMBERS@sakilacustomer.org,Valle de la Pascua,Venezuela,1
291,TONI HOLT,TONI.HOLT@sakilacustomer.org,Roanoke,United States,1
292,MISTY LAMBERT,MISTY.LAMBERT@sakilacustomer.org,Sharja,United Arab Emirates,1
293,MAE FLETCHER,MAE.FLETCHER@sakilacustomer.org,Donostia-San Sebastin,Spain,1
294,SHELLY WATTS,SHELLY.WATTS@sakilacustomer.org,Dayton,United States,1
295,DAISY BATES,DAISY.BATES@sakilacustomer.org,Kolpino,Russian Federation,1
296,RAMONA HALE,RAMONA.HALE@sakilacustomer.org,Patiala,India,1
297,SHERRI RHODES,SHERRI.RHODES@sakilacustomer.org,Ahmadnagar,India,1
298,ERIKA PENA,ERIKA.PENA@sakilacustomer.org,Oulu,Finland,1
299,JAMES GANNON,JAMES.GANNON@sakilacustomer.org,Hiroshima,Japan,1
300,JOHN FARNSWORTH,JOHN.FARNSWORTH@sakilacustomer.org,Parbhani,India,1
301,ROBERT BAUGHMAN,ROBERT.BAUGHMAN@sakilacustomer.org,Kaliningrad,Russian Federation,1
302,MICHAEL SILVERMAN,MICHAEL.SILVERMAN@sakilacustomer.org,Tiefa,China,1
303,WILLIAM SATTERFIELD,WILLIAM.SATTERFIELD@sakilacustomer.org,Sanaa,Yemen,1
304,DAVID ROYAL,DAVID.ROYAL@sakilacustomer.org,Callao,Peru,1
305,RICHARD MCCRARY,RICHARD.MCCRARY@sakilacustomer.org,Arlington,United States,1
306,CHARLES KOWALSKI,CHARLES.KOWALSKI@sakilacustomer.org,Sungai Petani,Malaysia,1
307,JOSEPH JOY,JOSEPH.JOY@sakilacustomer.org,Angra dos Reis,Brazil,1
308,THOMAS GRIGSBY,THOMAS.GRIGSBY@sakilacustomer.org,Kansas City,United States,1
309,CHRISTOPHER GRECO,CHRISTOPHER.GRECO@sakilacustomer.org,Brescia,Italy,1
310,DANIEL CABRAL,DANIEL.CABRAL@sakilacustomer.org,Ibirit,Brazil,1
311,PAUL TROUT,PAUL.TROUT@sakilacustomer.org,Kursk,Russian Federation,1
312,MARK RINEHART,MARK.RINEHART@sakilacustomer.org,Tabuk,Saudi Arabia,1
313,DONALD MAHON,DONALD.MAHON@sakilacustomer.org,Ezhou,China,1
314,GEORGE LINTON,GEORGE.LINTON@sakilacustomer.org,Sorocaba,Brazil,1
315,KENNETH GOODEN,KENNETH.GOODEN@sakilacustomer.org,Bat Yam,Israel,0
316,STEVEN CURLEY,STEVEN.CURLEY@sakilacustomer.org,Miraj,India,1
317,EDWARD BAUGH,EDWARD.BAUGH@sakilacustomer.org,Trshavn,Faroe Islands,1
318,BRIAN WYMAN,BRIAN.WYMAN@sakilacustomer.org,Bydgoszcz,Poland,1
319,RONALD WEINER,RONALD.WEINER@sakilacustomer.org,San Felipe del Progreso,Mexico,1
320,ANTHONY SCHWAB,ANTHONY.SCHWAB@sakilacustomer.org,Tafuna,American Samoa,1
321,KEVIN SCHULER,KEVIN.SCHULER@sakilacustomer.org,Birgunj,Nepal,1
322,JASON MORRISSEY,JASON.MORRISSEY@sakilacustomer.org,Baha Blanca,Argentina,1
323,MATTHEW MAHAN,MATTHEW.MAHAN@sakilacustomer.org,Cuautla,Mexico,1
324,GARY COY,GARY.COY@sakilacustomer.org,Yuzhou,China,1
325,TIMOTHY BUNN,TIMOTHY.BUNN@sakilacustomer.org,Braslia,Brazil,1
326,JOSE ANDREW,JOSE.ANDREW@sakilacustomer.org,Kingstown,Saint Vincent and the Grenadines,1
327,LARRY THRASHER,LARRY.THRASHER@sakilacustomer.org,Adana,Turkey,1
328,JEFFREY SPEAR,JEFFREY.SPEAR@sakilacustomer.org,Ciparay,Indonesia,1
329,FRANK WAGGONER,FRANK.WAGGONER@sakilacustomer.org,Jamalpur,Bangladesh,1
330,SCOTT SHELLEY,SCOTT.SHELLEY@sakilacustomer.org,Aurora,United States,1
331,ERIC ROBERT,ERIC.ROBERT@sakilacustomer.org,Santa F,Argentina,1
332,STEPHEN QUALLS,STEPHEN.QUALLS@sakilacustomer.org,Dhaka,Bangladesh,1
333,ANDREW PURDY,ANDREW.PURDY@sakilacustomer.org,Baku,Azerbaijan,1
334,RAYMOND MCWHORTER,RAYMOND.MCWHORTER@sakilacustomer.org,Sumqayit,Azerbaijan,1
335,GREGORY MAULDIN,GREGORY.MAULDIN@sakilacustomer.org,Sousse,Tunisia,1
336,JOSHUA MARK,JOSHUA.MARK@sakilacustomer.org,Rampur,India,1
337,JERRY JORDON,JERRY.JORDON@sakilacustomer.org,Onomichi,Japan,1
338,DENNIS GILMAN,DENNIS.GILMAN@sakilacustomer.org,Paarl,South Africa,1
339,WALTER PERRYMAN,WALTER.PERRYMAN@sakilacustomer.org,Xinxiang,China,1
340,PATRICK NEWSOM,PATRICK.NEWSOM@sakilacustomer.org,Hanoi,Vietnam,1
341,PETER MENARD,PETER.MENARD@sakilacustomer.org,Ede,Netherlands,1
342,HAROLD MARTINO,HAROLD.MARTINO@sakilacustomer.org,Boa Vista,Brazil,1
343,DOUGLAS GRAF,DOUGLAS.GRAF@sakilacustomer.org,Mexicali,Mexico,1
344,HENRY BILLINGSLEY,HENRY.BILLINGSLEY@sakilacustomer.org,Nukualofa,Tonga,1
345,CARL ARTIS,CARL.ARTIS@sakilacustomer.org,San Lorenzo,Paraguay,1
346,ARTHUR SIMPKINS,ARTHUR.SIMPKINS@sakilacustomer.org,Maikop,Russian Federation,1
347,RYAN SALISBURY,RYAN.SALISBURY@sakilacustomer.org,Daugavpils,Latvia,1
348,ROGER QUINTANILLA,ROGER.QUINTANILLA@sakilacustomer.org,Hsichuh,Taiwan,1
349,JOE GILLILAND,JOE.GILLILAND@sakilacustomer.org,Imus,Philippines,1
350,JUAN FRALEY,JUAN.FRALEY@sakilacustomer.org,Teboksary,Russian Federation,1
351,JACK FOUST,JACK.FOUST@sakilacustomer.org,Zeleznogorsk,Russian Federation,1
352,ALBERT CROUSE,ALBERT.CROUSE@sakilacustomer.org,Bamenda,Cameroon,1
353,JONATHAN SCARBOROUGH,JONATHAN.SCARBOROUGH@sakilacustomer.org,Pachuca de Soto,Mexico,1
354,JUSTIN NGO,JUSTIN.NGO@sakilacustomer.org,Santo Andr,Brazil,1
355,TERRY GRISSOM,TERRY.GRISSOM@sakilacustomer.org,Matsue,Japan,1
356,GERALD FULTZ,GERALD.FULTZ@sakilacustomer.org,Satna,India,1
357,KEITH RICO,KEITH.RICO@sakilacustomer.org,Bratislava,Slovakia,1
358,SAMUEL MARLOW,SAMUEL.MARLOW@sakilacustomer.org,Ranchi,India,1
359,WILLIE MARKHAM,WILLIE.MARKHAM@sakilacustomer.org,Almirante Brown,Argentina,1
360,RALPH MADRIGAL,RALPH.MADRIGAL@sakilacustomer.org,Arecibo,Puerto Rico,1
361,LAWRENCE LAWTON,LAWRENCE.LAWTON@sakilacustomer.org,Yaound,Cameroon,1
362,NICHOLAS BARFIELD,NICHOLAS.BARFIELD@sakilacustomer.org,Belm,Brazil,1
363,ROY WHITING,ROY.WHITING@sakilacustomer.org,Nyeri,Kenya,1
364,BENJAMIN VARNEY,BENJAMIN.VARNEY@sakilacustomer.org,Guadalajara,Mexico,1
365,BRUCE SCHWARZ,BRUCE.SCHWARZ@sakilacustomer.org,Okinawa,Japan,1
366,BRANDON HUEY,BRANDON.HUEY@sakilacustomer.org,Balikesir,Turkey,1
367,ADAM GOOCH,ADAM.GOOCH@sakilacustomer.org,Adoni,India,1
368,HARRY ARCE,HARRY.ARCE@sakilacustomer.org,Najafabad,Iran,0
369,FRED WHEAT,FRED.WHEAT@sakilacustomer.org,Jurez,Mexico,1
370,WAYNE TRUONG,WAYNE.TRUONG@sakilacustomer.org,Gulbarga,India,1
371,BILLY POULIN,BILLY.POULIN@sakilacustomer.org,Cabuyao,Philippines,1
372,STEVE MACKENZIE,STEVE.MACKENZIE@sakilacustomer.org,Probolinggo,Indonesia,1
373,LOUIS LEONE,LOUIS.LEONE@sakilacustomer.org,Tanauan,Philippines,1
374,JEREMY HURTADO,JEREMY.HURTADO@sakilacustomer.org,Vitria de Santo Anto,Brazil,1
375,AARON SELBY,AARON.SELBY@sakilacustomer.org,Mwene-Ditu,"Congo, The Democratic Republic of the",1
376,RANDY GAITHER,RANDY.GAITHER@sakilacustomer.org,Kurgan,Russian Federation,1
377,HOWARD FORTNER,HOWARD.FORTNER@sakilacustomer.org,Kermanshah,Iran,1
378,EUGENE CULPEPPER,EUGENE.CULPEPPER@sakilacustomer.org,Shenzhen,China,1
379,CARLOS COUGHLIN,CARLOS.COUGHLIN@sakilacustomer.org,Bhavnagar,India,1
380,RUSSELL BRINSON,RUSSELL.BRINSON@sakilacustomer.org,Tychy,Poland,1
381,BOBBY BOUDREAU,BOBBY.BOUDREAU@sakilacustomer.org,South Hill,Anguilla,1
382,VICTOR BARKLEY,VICTOR.BARKLEY@sakilacustomer.org,Manchester,United States,1
383,MARTIN BALES,MARTIN.BALES@sakilacustomer.org,Namibe,Angola,1
384,ERNEST STEPP,ERNEST.STEPP@sakilacustomer.org,Huaian,China,1
385,PHILLIP HOLM,PHILLIP.HOLM@sakilacustomer.org,Tama,Japan,1
386,TODD TAN,TODD.TAN@sakilacustomer.org,Kamjanets-Podilskyi,Ukraine,1
387,JESSE SCHILLING,JESSE.SCHILLING@sakilacustomer.org,Lubumbashi,"Congo, The Democratic Republic of the",1
388,CRAIG MORRELL,CRAIG.MORRELL@sakilacustomer.org,Cavite,Philippines,1
389,ALAN KAHN,ALAN.KAHN@sakilacustomer.org,Emeishan,China,1
390,SHAWN HEATON,SHAWN.HEATON@sakilacustomer.org,Nakhon Sawan,Thailand,1
391,CLARENCE GAMEZ,CLARENCE.GAMEZ@sakilacustomer.org,Izumisano,Japan,1
392,SEAN DOUGLASS,SEAN.DOUGLASS@sakilacustomer.org,Addis Abeba,Ethiopia,1
393,PHILIP CAUSEY,PHILIP.CAUSEY@sakilacustomer.org,Korolev,Russian Federation,1
394,CHRIS BROTHERS,CHRIS.BROTHERS@sakilacustomer.org,Gijn,Spain,1
395,JOHNNY TURPIN,JOHNNY.TURPIN@sakilacustomer.org,al-Qadarif,Sudan,1
396,EARL SHANKS,EARL.SHANKS@sakilacustomer.org,Iwatsuki,Japan,1
397,JIMMY SCHRADER,JIMMY.SCHRADER@sakilacustomer.org,Atinsk,Russian Federation,1
398,ANTONIO MEEK,ANTONIO.MEEK@sakilacustomer.org,Bag,Brazil,1
399,DANNY ISOM,DANNY.ISOM@sakilacustomer.org,Okara,Pakistan,1
400,BRYAN HARDISON,BRYAN.HARDISON@sakilacustomer.org,Dallas,United States,1
401,TONY CARRANZA,TONY.CARRANZA@sakilacustomer.org,Koriyama,Japan,1
402,LUIS YANEZ,LUIS.YANEZ@sakilacustomer.org,Brest,France,1
403,MIKE WAY,MIKE.WAY@sakilacustomer.org,Valparai,India,1
404,STANLEY SCROGGINS,STANLEY.SCROGGINS@sakilacustomer.org,Omiya,Japan,1
405,LEONARD SCHOFIELD,LEONARD.SCHOFIELD@sakilacustomer.org,Tandil,Argentina,1
406,NATHAN RUNYON,NATHAN.RUNYON@sakilacustomer.org,Charlotte Amalie,"Virgin Islands, U.S.",0
407,DALE RATCLIFF,DALE.RATCLIFF@sakilacustomer.org,Rustenburg,South Africa,1
408,MANUEL MURRELL,MANUEL.MURRELL@sakilacustomer.org,Jaffna,Sri Lanka,1
409,RODNEY MOELLER,RODNEY.MOELLER@sakilacustomer.org,Deba Habe,Nigeria,1
410,CURTIS IRBY,CURTIS.IRBY@sakilacustomer.org,Richmond Hill,Canada,1
411,NORMAN CURRIER,NORMAN.CURRIER@sakilacustomer.org,Cianjur,Indonesia,1
412,ALLEN BUTTERFIELD,ALLEN.BUTTERFIELD@sakilacustomer.org,Hoshiarpur,India,1
413,MARVIN YEE,MARVIN.YEE@sakilacustomer.org,Berhampore (Baharampur),India,1
414,VINCENT RALSTON,VINCENT.RALSTON@sakilacustomer.org,Allende,Mexico,1
415,GLENN PULLEN,GLENN.PULLEN@sakilacustomer.org,Amersfoort,Netherlands,1
416,JEFFERY PINSON,JEFFERY.PINSON@sakilacustomer.org,Dadu,Pakistan,1
417,TRAVIS ESTEP,TRAVIS.ESTEP@sakilacustomer.org,al-Qatif,Saudi Arabia,1
418,JEFF EAST,JEFF.EAST@sakilacustomer.org,San Felipe de Puerto Plata,Dominican Republic,1
419,CHAD CARBONE,CHAD.CARBONE@sakilacustomer.org,Katihar,India,1
420,JACOB LANCE,JACOB.LANCE@sakilacustomer.org,El Monte,United States,1
421,LEE HAWKS,LEE.HAWKS@sakilacustomer.org,Pudukkottai,India,1
422,MELVIN ELLINGTON,MELVIN.ELLINGTON@sakilacustomer.org,Laohekou,China,1
423,ALFRED CASILLAS,ALFRED.CASILLAS@sakilacustomer.org,Sawhaj,Egypt,1
424,KYLE SPURLOCK,KYLE.SPURLOCK@sakilacustomer.org,Shanwei,China,1
425,FRANCIS SIKES,FRANCIS.SIKES@sakilacustomer.org,San Juan Bautista Tuxtepec,Mexico,1
426,BRADLEY MOTLEY,BRADLEY.MOTLEY@sakilacustomer.org,Purnea (Purnia),India,1
427,JESUS MCCARTNEY,JESUS.MCCARTNEY@sakilacustomer.org,Guaruj,Brazil,1
428,HERBERT KRUGER,HERBERT.KRUGER@sakilacustomer.org,Syktyvkar,Russian Federation,1
429,FREDERICK ISBELL,FREDERICK.ISBELL@sakilacustomer.org,Tsuyama,Japan,1
430,RAY HOULE,RAY.HOULE@sakilacustomer.org,Dzerzinsk,Russian Federation,1
431,JOEL FRANCISCO,JOEL.FRANCISCO@sakilacustomer.org,Sucre,Bolivia,1
432,EDWIN BURK,EDWIN.BURK@sakilacustomer.org,Newcastle,South Africa,1
433,DON BONE,DON.BONE@sakilacustomer.org,Naala-Porto,Mozambique,1
434,EDDIE TOMLIN,EDDIE.TOMLIN@sakilacustomer.org,Ozamis,Philippines,1
435,RICKY SHELBY,RICKY.SHELBY@sakilacustomer.org,Junan,China,1
436,TROY QUIGLEY,TROY.QUIGLEY@sakilacustomer.org,Vancouver,Canada,1
437,RANDALL NEUMANN,RANDALL.NEUMANN@sakilacustomer.org,La Romana,Dominican Republic,1
438,BARRY LOVELACE,BARRY.LOVELACE@sakilacustomer.org,Kitwe,Zambia,1
439,ALEXANDER FENNELL,ALEXANDER.FENNELL@sakilacustomer.org,Bergamo,Italy,1
440,BERNARD COLBY,BERNARD.COLBY@sakilacustomer.org,Dhule (Dhulia),India,1
441,MARIO CHEATHAM,MARIO.CHEATHAM@sakilacustomer.org,Batna,Algeria,1
442,LEROY BUSTAMANTE,LEROY.BUSTAMANTE@sakilacustomer.org,Tongliao,China,1
443,FRANCISCO SKIDMORE,FRANCISCO.SKIDMORE@sakilacustomer.org,So Leopoldo,Brazil,1
444,MARCUS HIDALGO,MARCUS.HIDALGO@sakilacustomer.org,Tartu,Estonia,1
445,MICHEAL FORMAN,MICHEAL.FORMAN@sakilacustomer.org,Escobar,Argentina,1
446,THEODORE CULP,THEODORE.CULP@sakilacustomer.org,Uluberia,India,0
447,CLIFFORD BOWENS,CLIFFORD.BOWENS@sakilacustomer.org,Nabereznyje Telny,Russian Federation,1
448,MIGUEL BETANCOURT,MIGUEL.BETANCOURT@sakilacustomer.org,Erlangen,Germany,1
449,OSCAR AQUINO,OSCAR.AQUINO@sakilacustomer.org,Sirjan,Iran,1
450,JAY ROBB,JAY.ROBB@sakilacustomer.org,Surakarta,Indonesia,1
451,JIM REA,JIM.REA@sakilacustomer.org,El Fuerte,Mexico,1
452,TOM MILNER,TOM.MILNER@sakilacustomer.org,Abu Dhabi,United Arab Emirates,1
453,CALVIN MARTEL,CALVIN.MARTEL@sakilacustomer.org,Maracabo,Venezuela,1
454,ALEX GRESHAM,ALEX.GRESHAM@sakilacustomer.org,Uruapan,Mexico,1
455,JON WILES,JON.WILES@sakilacustomer.org,El Alto,Bolivia,1
456,RONNIE RICKETTS,RONNIE.RICKETTS@sakilacustomer.org,Ziguinchor,Senegal,1
457,BILL GAVIN,BILL.GAVIN@sakilacustomer.org,Rockford,United States,1
458,LLOYD DOWD,LLOYD.DOWD@sakilacustomer.org,Tegal,Indonesia,1
459,TOMMY COLLAZO,TOMMY.COLLAZO@sakilacustomer.org,Qomsheh,Iran,1
460,LEON BOSTIC,LEON.BOSTIC@sakilacustomer.org,Florencia,Colombia,1
461,DEREK BLAKELY,DEREK.BLAKELY@sakilacustomer.org,Gingoog,Philippines,1
462,WARREN SHERROD,WARREN.SHERROD@sakilacustomer.org,Usolje-Sibirskoje,Russian Federation,1
463,DARRELL POWER,DARRELL.POWER@sakilacustomer.org,Halifax,Canada,1
464,JEROME KENYON,JEROME.KENYON@sakilacustomer.org,Rancagua,Chile,1
465,FLOYD GANDY,FLOYD.GANDY@sakilacustomer.org,Zapopan,Mexico,1
466,LEO EBERT,LEO.EBERT@sakilacustomer.org,Dongying,China,1
467,ALVIN DELOACH,ALVIN.DELOACH@sakilacustomer.org,Cuauhtmoc,Mexico,1
468,TIM CARY,TIM.CARY@sakilacustomer.org,Bijapur,India,1
469,WESLEY BULL,WESLEY.BULL@sakilacustomer.org,Ourense (Orense),Spain,1
470,GORDON ALLARD,GORDON.ALLARD@sakilacustomer.org,Hodeida,Yemen,1
471,DEAN SAUER,DEAN.SAUER@sakilacustomer.org,Johannesburg,South Africa,1
472,GREG ROBINS,GREG.ROBINS@sakilacustomer.org,Nam Dinh,Vietnam,1
473,JORGE OLIVARES,JORGE.OLIVARES@sakilacustomer.org,Lhokseumawe,Indonesia,1
474,DUSTIN GILLETTE,DUSTIN.GILLETTE@sakilacustomer.org,Emmen,Netherlands,1
475,PEDRO CHESTNUT,PEDRO.CHESTNUT@sakilacustomer.org,ostka,Ukraine,1
476,DERRICK BOURQUE,DERRICK.BOURQUE@sakilacustomer.org,Gatineau,Canada,1
477,DAN PAINE,DAN.PAINE@sakilacustomer.org,Stockport,United Kingdom,1
478,LEWIS LYMAN,LEWIS.LYMAN@sakilacustomer.org,Ashqelon,Israel,1
479,ZACHARY HITE,ZACHARY.HITE@sakilacustomer.org,Akron,United States,1
480,COREY HAUSER,COREY.HAUSER@sakilacustomer.org,Gaziantep,Turkey,1
481,HERMAN DEVORE,HERMAN.DEVORE@sakilacustomer.org,Mwanza,Tanzania,1
482,MAURICE CRAWLEY,MAURICE.CRAWLEY@sakilacustomer.org,Coatzacoalcos,Mexico,0
483,VERNON CHAPA,VERNON.CHAPA@sakilacustomer.org,Denizli,Turkey,1
484,ROBERTO VU,ROBERTO.VU@sakilacustomer.org,Yinchuan,China,1
485,CLYDE TOBIAS,CLYDE.TOBIAS@sakilacustomer.org,Shaoguan,China,1
486,GLEN TALBERT,GLEN.TALBERT@sakilacustomer.org,Acua,Mexico,1
487,HECTOR POINDEXTER,HECTOR.POINDEXTER@sakilacustomer.org,Pjatigorsk,Russian Federation,1
488,SHANE MILLARD,SHANE.MILLARD@sakilacustomer.org,La Paz,Mexico,1
489,RICARDO MEADOR,RICARDO.MEADOR@sakilacustomer.org,Okayama,Japan,1
490,SAM MCDUFFIE,SAM.MCDUFFIE@sakilacustomer.org,Sogamoso,Colombia,1
491,RICK MATTOX,RICK.MATTOX@sakilacustomer.org,Mit Ghamr,Egypt,1
492,LESTER KRAUS,LESTER.KRAUS@sakilacustomer.org,Kanchrapara,India,1
493,BRENT HARKINS,BRENT.HARKINS@sakilacustomer.org,Sultanbeyli,Turkey,1
494,RAMON CHOATE,RAMON.CHOATE@sakilacustomer.org,Robamba,Ecuador,1
495,CHARLIE BESS,CHARLIE.BESS@sakilacustomer.org,Baiyin,China,1
496,TYLER WREN,TYLER.WREN@sakilacustomer.org,Rizhao,China,1
497,GILBERT SLEDGE,GILBERT.SLEDGE@sakilacustomer.org,York,United Kingdom,1
498,GENE SANBORN,GENE.SANBORN@sakilacustomer.org,Salala,Oman,1
499,MARC OUTLAW,MARC.OUTLAW@sakilacustomer.org,Brindisi,Italy,1
500,REGINALD KINDER,REGINALD.KINDER@sakilacustomer.org,Madiun,Indonesia,1
501,RUBEN GEARY,RUBEN.GEARY@sakilacustomer.org,Lublin,Poland,1
502,BRETT CORNWELL,BRETT.CORNWELL@sakilacustomer.org,Siliguri (Shiliguri),India,1
503,ANGEL BARCLAY,ANGEL.BARCLAY@sakilacustomer.org,Ueda,Japan,1
504,NATHANIEL ADAM,NATHANIEL.ADAM@sakilacustomer.org,Joliet,United States,1
505,RAFAEL ABNEY,RAFAEL.ABNEY@sakilacustomer.org,Talavera,Philippines,1
506,LESLIE SEWARD,LESLIE.SEWARD@sakilacustomer.org,Pontianak,Indonesia,1
507,EDGAR RHOADS,EDGAR.RHOADS@sakilacustomer.org,Eskisehir,Turkey,1
508,MILTON HOWLAND,MILTON.HOWLAND@sakilacustomer.org,Vijayawada,India,1
509,RAUL FORTIER,RAUL.FORTIER@sakilacustomer.org,Chapra,India,1
510,BEN EASTER,BEN.EASTER@sakilacustomer.org,Kamyin,Russian Federation,0
511,CHESTER BENNER,CHESTER.BENNER@sakilacustomer.org,Suihua,China,1
512,CECIL VINES,CECIL.VINES@sakilacustomer.org,London,United Kingdom,1
513,DUANE TUBBS,DUANE.TUBBS@sakilacustomer.org,Yangor,Nauru,1
514,FRANKLIN TROUTMAN,FRANKLIN.TROUTMAN@sakilacustomer.org,Zaoyang,China,1
515,ANDRE RAPP,ANDRE.RAPP@sakilacustomer.org,Coquimbo,Chile,1
516,ELMER NOE,ELMER.NOE@sakilacustomer.org,Battambang,Cambodia,1
517,BRAD MCCURDY,BRAD.MCCURDY@sakilacustomer.org,Chungho,Taiwan,1
518,GABRIEL HARDER,GABRIEL.HARDER@sakilacustomer.org,Sivas,Turkey,1
519,RON DELUCA,RON.DELUCA@sakilacustomer.org,Isesaki,Japan,1
520,MITCHELL WESTMORELAND,MITCHELL.WESTMORELAND@sakilacustomer.org,Nha Trang,Vietnam,1
521,ROLAND SOUTH,ROLAND.SOUTH@sakilacustomer.org,Yingkou,China,1
522,ARNOLD HAVENS,ARNOLD.HAVENS@sakilacustomer.org,Santa Rosa,Philippines,1
523,HARVEY GUAJARDO,HARVEY.GUAJARDO@sakilacustomer.org,Vinh,Vietnam,1
524,JARED ELY,JARED.ELY@sakilacustomer.org,Purwakarta,Indonesia,1
525,ADRIAN CLARY,ADRIAN.CLARY@sakilacustomer.org,Udine,Italy,1
526,KARL SEAL,KARL.SEAL@sakilacustomer.org,Cape Coral,United States,1
527,CORY MEEHAN,CORY.MEEHAN@sakilacustomer.org,Mogiljov,Belarus,1
528,CLAUDE HERZOG,CLAUDE.HERZOG@sakilacustomer.org,Benguela,Angola,1
529,ERIK GUILLEN,ERIK.GUILLEN@sakilacustomer.org,Bhimavaram,India,1
530,DARRYL ASHCRAFT,DARRYL.ASHCRAFT@sakilacustomer.org,Ezeiza,Argentina,1
531,JAMIE WAUGH,JAMIE.WAUGH@sakilacustomer.org,Kuwana,Japan,1
532,NEIL RENNER,NEIL.RENNER@sakilacustomer.org,Cam Ranh,Vietnam,1
533,JESSIE MILAM,JESSIE.MILAM@sakilacustomer.org,Binzhou,China,1
534,CHRISTIAN JUNG,CHRISTIAN.JUNG@sakilacustomer.org,Amroha,India,0
535,JAVIER ELROD,JAVIER.ELROD@sakilacustomer.org,NDjamna,Chad,1
536,FERNANDO CHURCHILL,FERNANDO.CHURCHILL@sakilacustomer.org,Tonghae,South Korea,1
537,CLINTON BUFORD,CLINTON.BUFORD@sakilacustomer.org,Aurora,United States,1
538,TED BREAUX,TED.BREAUX@sakilacustomer.org,Baicheng,China,1
539,MATHEW BOLIN,MATHEW.BOLIN@sakilacustomer.org,Valencia,Venezuela,1
540,TYRONE ASHER,TYRONE.ASHER@sakilacustomer.org,Ruse,Bulgaria,1
541,DARREN WINDHAM,DARREN.WINDHAM@sakilacustomer.org,Livorno,Italy,1
542,LONNIE TIRADO,LONNIE.TIRADO@sakilacustomer.org,Pangkal Pinang,Indonesia,1
543,LANCE PEMBERTON,LANCE.PEMBERTON@sakilacustomer.org,Beni-Mellal,Morocco,1
544,CODY NOLEN,CODY.NOLEN@sakilacustomer.org,So Bernardo do Campo,Brazil,1
545,JULIO NOLAND,JULIO.NOLAND@sakilacustomer.org,Konotop,Ukraine,1
546,KELLY KNOTT,KELLY.KNOTT@sakilacustomer.org,Sanya,China,1
547,KURT EMMONS,KURT.EMMONS@sakilacustomer.org,Kanazawa,Japan,1
548,ALLAN CORNISH,ALLAN.CORNISH@sakilacustomer.org,Tarlac,Philippines,1
549,NELSON CHRISTENSON,NELSON.CHRISTENSON@sakilacustomer.org,Santiago de Compostela,Spain,1
550,GUY BROWNLEE,GUY.BROWNLEE@sakilacustomer.org,Zhoushan,China,1
551,CLAYTON BARBEE,CLAYTON.BARBEE@sakilacustomer.org,Alvorada,Brazil,1
552,HUGH WALDROP,HUGH.WALDROP@sakilacustomer.org,Haining,China,1
553,MAX PITT,MAX.PITT@sakilacustomer.org,Novi Sad,Yugoslavia,1
554,DWAYNE OLVERA,DWAYNE.OLVERA@sakilacustomer.org,Rajkot,India,1
555,DWIGHT LOMBARDI,DWIGHT.LOMBARDI@sakilacustomer.org,Chatsworth,South Africa,1
556,ARMANDO GRUBER,ARMANDO.GRUBER@sakilacustomer.org,Southport,United Kingdom,1
557,FELIX GAFFNEY,FELIX.GAFFNEY@sakilacustomer.org,Vilnius,Lithuania,1
558,JIMMIE EGGLESTON,JIMMIE.EGGLESTON@sakilacustomer.org,Wroclaw,Poland,0
559,EVERETT BANDA,EVERETT.BANDA@sakilacustomer.org,Bilbays,Egypt,1
560,JORDAN ARCHULETA,JORDAN.ARCHULETA@sakilacustomer.org,Avellaneda,Argentina,1
561,IAN STILL,IAN.STILL@sakilacustomer.org,Garland,United States,1
562,WALLACE SLONE,WALLACE.SLONE@sakilacustomer.org,Sokoto,Nigeria,1
563,KEN PREWITT,KEN.PREWITT@sakilacustomer.org,Bucuresti,Romania,1
564,BOB PFEIFFER,BOB.PFEIFFER@sakilacustomer.org,Xintai,China,1
565,JAIME NETTLES,JAIME.NETTLES@sakilacustomer.org,Hunuco,Peru,1
566,CASEY MENA,CASEY.MENA@sakilacustomer.org,Tokat,Turkey,1
567,ALFREDO MCADAMS,ALFREDO.MCADAMS@sakilacustomer.org,Serpuhov,Russian Federation,1
568,ALBERTO HENNING,ALBERTO.HENNING@sakilacustomer.org,Barcelona,Venezuela,1
569,DAVE GARDINER,DAVE.GARDINER@sakilacustomer.org,Leshan,China,1
570,IVAN CROMWELL,IVAN.CROMWELL@sakilacustomer.org,Monclova,Mexico,1
571,JOHNNIE CHISHOLM,JOHNNIE.CHISHOLM@sakilacustomer.org,Plock,Poland,1
572,SIDNEY BURLESON,SIDNEY.BURLESON@sakilacustomer.org,Czestochowa,Poland,1
573,BYRON BOX,BYRON.BOX@sakilacustomer.org,Zhezqazghan,Kazakstan,1
574,JULIAN VEST,JULIAN.VEST@sakilacustomer.org,Akishima,Japan,1
575,ISAAC OGLESBY,ISAAC.OGLESBY@sakilacustomer.org,Cuernavaca,Mexico,1
576,MORRIS MCCARTER,MORRIS.MCCARTER@sakilacustomer.org,Fengshan,Taiwan,1
577,CLIFTON MALCOLM,CLIFTON.MALCOLM@sakilacustomer.org,Tanshui,Taiwan,1
578,WILLARD LUMPKIN,WILLARD.LUMPKIN@sakilacustomer.org,Carmen,Mexico,1
579,DARYL LARUE,DARYL.LARUE@sakilacustomer.org,Mosul,Iraq,1
580,ROSS GREY,ROSS.GREY@sakilacustomer.org,Iligan,Philippines,1
581,VIRGIL WOFFORD,VIRGIL.WOFFORD@sakilacustomer.org,Jos Azueta,Mexico,1
582,ANDY VANHORN,ANDY.VANHORN@sakilacustomer.org,Huejutla de Reyes,Mexico,1
583,MARSHALL THORN,MARSHALL.THORN@sakilacustomer.org,Southampton,United Kingdom,1
584,SALVADOR TEEL,SALVADOR.TEEL@sakilacustomer.org,Banjul,Gambia,1
585,PERRY SWAFFORD,PERRY.SWAFFORD@sakilacustomer.org,Quilmes,Argentina,1
586,KIRK STCLAIR,KIRK.STCLAIR@sakilacustomer.org,Tsaotun,Taiwan,1
587,SERGIO STANFIELD,SERGIO.STANFIELD@sakilacustomer.org,Celaya,Mexico,1
588,MARION OCAMPO,MARION.OCAMPO@sakilacustomer.org,Weifang,China,1
589,TRACY HERRMANN,TRACY.HERRMANN@sakilacustomer.org,Loja,Ecuador,1
590,SETH HANNON,SETH.HANNON@sakilacustomer.org,al-Manama,Bahrain,1
591,KENT ARSENAULT,KENT.ARSENAULT@sakilacustomer.org,Juiz de Fora,Brazil,1
592,TERRANCE ROUSH,TERRANCE.ROUSH@sakilacustomer.org,Szkesfehrvr,Hungary,0
593,RENE MCALISTER,RENE.MCALISTER@sakilacustomer.org,Garden Grove,United States,1
594,EDUARDO HIATT,EDUARDO.HIATT@sakilacustomer.org,Jining,China,1
595,TERRENCE GUNDERSON,TERRENCE.GUNDERSON@sakilacustomer.org,Jinzhou,China,1
596,ENRIQUE FORSYTHE,ENRIQUE.FORSYTHE@sakilacustomer.org,Patras,Greece,1
597,FREDDIE DUGGAN,FREDDIE.DUGGAN@sakilacustomer.org,Sullana,Peru,1
598,WADE DELVALLE,WADE.DELVALLE@sakilacustomer.org,Lausanne,Switzerland,1
599,AUSTIN CINTRON,AUSTIN.CINTRON@sakilacustomer.org,Tieli,China,1
600,SIN VENTA,SINVENTA@AAA.COM,Ashgabat,Turkmenistan,1
